timestamp,value,label,state,machine_name,sensor_id
2024-01-01 00:00:00,5.70630771,1,1,Machine-M01,M01-S01
2024-01-01 00:00:01,5.532160065,1,1,Machine-M01,M01-S01
2024-01-01 00:00:02,5.712441513,1,1,Machine-M01,M01-S01
2024-01-01 00:00:03,5.730739078,1,1,Machine-M01,M01-S01
2024-01-01 00:00:04,5.61553624,1,1,Machine-M01,M01-S01
2024-01-01 00:00:05,5.766298515,1,1,Machine-M01,M01-S01
2024-01-01 00:00:06,5.737838252,1,1,Machine-M01,M01-S01
2024-01-01 00:00:07,5.651947222,1,1,Machine-M01,M01-S01
2024-01-01 00:00:08,5.7669682,1,1,Machine-M01,M01-S01
2024-01-01 00:00:09,5.608916658,1,1,Machine-M01,M01-S01
2024-01-01 00:00:10,5.860919408,1,1,Machine-M01,M01-S01
2024-01-01 00:00:11,5.6318587,1,1,Machine-M01,M01-S01
2024-01-01 00:00:12,5.679613103,1,1,Machine-M01,M01-S01
2024-01-01 00:00:13,5.776793024,1,1,Machine-M01,M01-S01
2024-01-01 00:00:14,5.704685637,1,1,Machine-M01,M01-S01
2024-01-01 00:00:15,5.658745058,1,1,Machine-M01,M01-S01
2024-01-01 00:00:16,5.699154653,1,1,Machine-M01,M01-S01
2024-01-01 00:00:17,5.816364834,1,1,Machine-M01,M01-S01
2024-01-01 00:00:18,5.740550542,1,1,Machine-M01,M01-S01
2024-01-01 00:00:19,5.938885407,1,1,Machine-M01,M01-S01
2024-01-01 00:00:20,5.932367982,1,1,Machine-M01,M01-S01
2024-01-01 00:00:21,5.805710146,1,1,Machine-M01,M01-S01
2024-01-01 00:00:22,5.694530612,1,1,Machine-M01,M01-S01
2024-01-01 00:00:23,5.758353474,1,1,Machine-M01,M01-S01
2024-01-01 00:00:24,5.763823598,1,1,Machine-M01,M01-S01
2024-01-01 00:00:25,5.824185835,1,1,Machine-M01,M01-S01
2024-01-01 00:00:26,6.059172116,1,1,Machine-M01,M01-S01
2024-01-01 00:00:27,5.833229582,1,1,Machine-M01,M01-S01
2024-01-01 00:00:28,5.850243948,1,1,Machine-M01,M01-S01
2024-01-01 00:00:29,5.774787895,1,1,Machine-M01,M01-S01
2024-01-01 00:00:30,5.857218367,1,1,Machine-M01,M01-S01
2024-01-01 00:00:31,6.03479883,1,1,Machine-M01,M01-S01
2024-01-01 00:00:32,5.856425155,1,1,Machine-M01,M01-S01
2024-01-01 00:00:33,5.98771279,1,1,Machine-M01,M01-S01
2024-01-01 00:00:34,5.907931358,1,1,Machine-M01,M01-S01
2024-01-01 00:00:35,5.923737144,1,1,Machine-M01,M01-S01
2024-01-01 00:00:36,5.88713466,1,1,Machine-M01,M01-S01
2024-01-01 00:00:37,6.022723346,1,1,Machine-M01,M01-S01
2024-01-01 00:00:38,5.967890815,1,1,Machine-M01,M01-S01
2024-01-01 00:00:39,5.977129505,1,1,Machine-M01,M01-S01
2024-01-01 00:00:40,5.991768099,1,1,Machine-M01,M01-S01
2024-01-01 00:00:41,5.870221942,1,1,Machine-M01,M01-S01
2024-01-01 00:00:42,5.961174382,1,1,Machine-M01,M01-S01
2024-01-01 00:00:43,5.943315718,1,1,Machine-M01,M01-S01
2024-01-01 00:00:44,5.8581006,1,1,Machine-M01,M01-S01
2024-01-01 00:00:45,6.121091528,1,1,Machine-M01,M01-S01
2024-01-01 00:00:46,5.796137303,1,1,Machine-M01,M01-S01
2024-01-01 00:00:47,5.948691658,1,1,Machine-M01,M01-S01
2024-01-01 00:00:48,6.156342666,1,1,Machine-M01,M01-S01
2024-01-01 00:00:49,6.001065292,1,1,Machine-M01,M01-S01
2024-01-01 00:00:50,6.018611076,1,1,Machine-M01,M01-S01
2024-01-01 00:00:51,6.013701913,1,1,Machine-M01,M01-S01
2024-01-01 00:00:52,6.074228824,1,1,Machine-M01,M01-S01
2024-01-01 00:00:53,6.146312267,1,1,Machine-M01,M01-S01
2024-01-01 00:00:54,5.931551519,1,1,Machine-M01,M01-S01
2024-01-01 00:00:55,6.203208321,1,2,Machine-M01,M01-S01
2024-01-01 00:00:56,5.963579091,1,2,Machine-M01,M01-S01
2024-01-01 00:00:57,6.323066043,1,2,Machine-M01,M01-S01
2024-01-01 00:00:58,6.073723361,1,2,Machine-M01,M01-S01
2024-01-01 00:00:59,6.017413547,1,2,Machine-M01,M01-S01
2024-01-01 00:01:00,6.383010131,1,2,Machine-M01,M01-S01
2024-01-01 00:01:01,6.286358825,1,2,Machine-M01,M01-S01
2024-01-01 00:01:02,5.932785513,1,2,Machine-M01,M01-S01
2024-01-01 00:01:03,6.206266665,1,2,Machine-M01,M01-S01
2024-01-01 00:01:04,6.11678714,1,2,Machine-M01,M01-S01
2024-01-01 00:01:05,6.019937649,1,2,Machine-M01,M01-S01
2024-01-01 00:01:06,6.004737471,1,2,Machine-M01,M01-S01
2024-01-01 00:01:07,6.078075749,1,2,Machine-M01,M01-S01
2024-01-01 00:01:08,6.429003226,1,2,Machine-M01,M01-S01
2024-01-01 00:01:09,6.19654482,1,2,Machine-M01,M01-S01
2024-01-01 00:01:10,6.272370293,1,2,Machine-M01,M01-S01
2024-01-01 00:01:11,6.305862072,1,2,Machine-M01,M01-S01
2024-01-01 00:01:12,6.405517022,1,2,Machine-M01,M01-S01
2024-01-01 00:01:13,6.186161044,1,2,Machine-M01,M01-S01
2024-01-01 00:01:14,6.423713378,1,2,Machine-M01,M01-S01
2024-01-01 00:01:15,6.307671632,1,2,Machine-M01,M01-S01
2024-01-01 00:01:16,6.400447557,1,2,Machine-M01,M01-S01
2024-01-01 00:01:17,6.377218431,1,2,Machine-M01,M01-S01
2024-01-01 00:01:18,6.424593465,1,2,Machine-M01,M01-S01
2024-01-01 00:01:19,6.249028482,1,2,Machine-M01,M01-S01
2024-01-01 00:01:20,6.499410219,1,2,Machine-M01,M01-S01
2024-01-01 00:01:21,6.384576375,1,2,Machine-M01,M01-S01
2024-01-01 00:01:22,6.265507114,1,2,Machine-M01,M01-S01
2024-01-01 00:01:23,6.458871463,1,2,Machine-M01,M01-S01
2024-01-01 00:01:24,6.404198602,1,2,Machine-M01,M01-S01
2024-01-01 00:01:25,6.336564835,1,2,Machine-M01,M01-S01
2024-01-01 00:01:26,6.701696277,1,2,Machine-M01,M01-S01
2024-01-01 00:01:27,6.730106633,1,2,Machine-M01,M01-S01
2024-01-01 00:01:28,6.676615553,1,2,Machine-M01,M01-S01
2024-01-01 00:01:29,6.469809557,1,2,Machine-M01,M01-S01
2024-01-01 00:01:30,6.709179289,1,2,Machine-M01,M01-S01
2024-01-01 00:01:31,6.418927957,1,2,Machine-M01,M01-S01
2024-01-01 00:01:32,6.643644497,1,2,Machine-M01,M01-S01
2024-01-01 00:01:33,6.58402013,1,2,Machine-M01,M01-S01
2024-01-01 00:01:34,6.624220872,1,2,Machine-M01,M01-S01
2024-01-01 00:01:35,6.621663455,1,2,Machine-M01,M01-S01
2024-01-01 00:01:36,6.717327643,1,2,Machine-M01,M01-S01
2024-01-01 00:01:37,6.488003653,1,2,Machine-M01,M01-S01
2024-01-01 00:01:38,6.728455346,1,2,Machine-M01,M01-S01
2024-01-01 00:01:39,6.664629935,1,2,Machine-M01,M01-S01
2024-01-01 00:01:40,6.73180242,1,2,Machine-M01,M01-S01
2024-01-01 00:01:41,6.363408791,1,2,Machine-M01,M01-S01
2024-01-01 00:01:42,6.807377877,1,2,Machine-M01,M01-S01
2024-01-01 00:01:43,6.735796684,1,2,Machine-M01,M01-S01
2024-01-01 00:01:44,6.970334029,1,2,Machine-M01,M01-S01
2024-01-01 00:01:45,6.501845399,1,2,Machine-M01,M01-S01
2024-01-01 00:01:46,6.912501942,1,2,Machine-M01,M01-S01
2024-01-01 00:01:47,6.904588239,1,2,Machine-M01,M01-S01
2024-01-01 00:01:48,6.739178069,1,2,Machine-M01,M01-S01
2024-01-01 00:01:49,6.791155942,1,2,Machine-M01,M01-S01
2024-01-01 00:01:50,7.021584954,1,3,Machine-M01,M01-S01
2024-01-01 00:01:51,6.733222372,1,3,Machine-M01,M01-S01
2024-01-01 00:01:52,6.713573793,1,3,Machine-M01,M01-S01
2024-01-01 00:01:53,6.731174518,1,3,Machine-M01,M01-S01
2024-01-01 00:01:54,6.814402023,1,3,Machine-M01,M01-S01
2024-01-01 00:01:55,6.649435967,1,3,Machine-M01,M01-S01
2024-01-01 00:01:56,6.755736128,1,3,Machine-M01,M01-S01
2024-01-01 00:01:57,7.094213332,1,3,Machine-M01,M01-S01
2024-01-01 00:01:58,6.784444042,1,3,Machine-M01,M01-S01
2024-01-01 00:01:59,7.108811582,1,3,Machine-M01,M01-S01
2024-01-01 00:02:00,6.633261228,1,3,Machine-M01,M01-S01
2024-01-01 00:02:01,7.135236501,1,3,Machine-M01,M01-S01
2024-01-01 00:02:02,7.059125671,1,3,Machine-M01,M01-S01
2024-01-01 00:02:03,6.873428149,1,3,Machine-M01,M01-S01
2024-01-01 00:02:04,7.103174528,1,3,Machine-M01,M01-S01
2024-01-01 00:02:05,7.00312195,1,3,Machine-M01,M01-S01
2024-01-01 00:02:06,7.197097252,1,3,Machine-M01,M01-S01
2024-01-01 00:02:07,7.041259739,1,3,Machine-M01,M01-S01
2024-01-01 00:02:08,7.010232521,1,3,Machine-M01,M01-S01
2024-01-01 00:02:09,7.139471075,1,3,Machine-M01,M01-S01
2024-01-01 00:02:10,6.958419643,1,3,Machine-M01,M01-S01
2024-01-01 00:02:11,6.979519034,1,3,Machine-M01,M01-S01
2024-01-01 00:02:12,7.159339928,1,3,Machine-M01,M01-S01
2024-01-01 00:02:13,6.848551497,1,3,Machine-M01,M01-S01
2024-01-01 00:02:14,7.372810158,1,3,Machine-M01,M01-S01
2024-01-01 00:02:15,7.160655695,1,3,Machine-M01,M01-S01
2024-01-01 00:02:16,6.97318605,1,3,Machine-M01,M01-S01
2024-01-01 00:02:17,7.085709655,1,3,Machine-M01,M01-S01
2024-01-01 00:02:18,7.442029581,1,3,Machine-M01,M01-S01
2024-01-01 00:02:19,7.160469874,1,3,Machine-M01,M01-S01
2024-01-01 00:02:20,7.390824583,1,3,Machine-M01,M01-S01
2024-01-01 00:02:21,7.162639947,1,3,Machine-M01,M01-S01
2024-01-01 00:02:22,7.481238218,1,3,Machine-M01,M01-S01
2024-01-01 00:02:23,7.218338159,1,3,Machine-M01,M01-S01
2024-01-01 00:02:24,7.272096738,1,3,Machine-M01,M01-S01
2024-01-01 00:02:25,7.294361964,1,3,Machine-M01,M01-S01
2024-01-01 00:02:26,7.417034638,1,3,Machine-M01,M01-S01
2024-01-01 00:02:27,7.213725357,1,3,Machine-M01,M01-S01
2024-01-01 00:02:28,7.302824837,1,3,Machine-M01,M01-S01
2024-01-01 00:02:29,7.45287764,1,3,Machine-M01,M01-S01
2024-01-01 00:02:30,7.620305267,1,3,Machine-M01,M01-S01
2024-01-01 00:02:31,7.621027957,1,3,Machine-M01,M01-S01
2024-01-01 00:02:32,7.635675288,1,3,Machine-M01,M01-S01
2024-01-01 00:02:33,7.419213637,1,3,Machine-M01,M01-S01
2024-01-01 00:02:34,7.671510533,1,3,Machine-M01,M01-S01
2024-01-01 00:02:35,7.608065144,1,3,Machine-M01,M01-S01
2024-01-01 00:02:36,7.615364883,1,3,Machine-M01,M01-S01
2024-01-01 00:02:37,7.386059145,1,3,Machine-M01,M01-S01
2024-01-01 00:02:38,7.78319269,1,3,Machine-M01,M01-S01
2024-01-01 00:02:39,7.980199394,1,3,Machine-M01,M01-S01
2024-01-01 00:02:40,7.692196999,1,3,Machine-M01,M01-S01
2024-01-01 00:02:41,8.076902369,1,3,Machine-M01,M01-S01
2024-01-01 00:02:42,7.605424722,1,3,Machine-M01,M01-S01
2024-01-01 00:02:43,7.869421225,1,3,Machine-M01,M01-S01
2024-01-01 00:02:44,7.752903675,1,3,Machine-M01,M01-S01
2024-01-01 00:02:45,11.15666493,0,0,Machine-M01,M01-S01
2024-01-01 00:02:46,11.43614035,0,0,Machine-M01,M01-S01
2024-01-01 00:00:00,6.552757134,1,1,Machine-M01,M01-S02
2024-01-01 00:00:01,6.401586858,1,1,Machine-M01,M01-S02
2024-01-01 00:00:02,6.301723193,1,1,Machine-M01,M01-S02
2024-01-01 00:00:03,6.684710682,1,1,Machine-M01,M01-S02
2024-01-01 00:00:04,6.752161545,1,1,Machine-M01,M01-S02
2024-01-01 00:00:05,6.856837805,1,1,Machine-M01,M01-S02
2024-01-01 00:00:06,6.574604717,1,1,Machine-M01,M01-S02
2024-01-01 00:00:07,6.333740197,1,1,Machine-M01,M01-S02
2024-01-01 00:00:08,6.398034839,1,1,Machine-M01,M01-S02
2024-01-01 00:00:09,6.568417485,1,1,Machine-M01,M01-S02
2024-01-01 00:00:10,6.524810305,1,1,Machine-M01,M01-S02
2024-01-01 00:00:11,6.484286907,1,1,Machine-M01,M01-S02
2024-01-01 00:00:12,6.645247013,1,1,Machine-M01,M01-S02
2024-01-01 00:00:13,6.46665033,1,1,Machine-M01,M01-S02
2024-01-01 00:00:14,6.370209668,1,1,Machine-M01,M01-S02
2024-01-01 00:00:15,7.02910755,1,1,Machine-M01,M01-S02
2024-01-01 00:00:16,6.494033015,1,1,Machine-M01,M01-S02
2024-01-01 00:00:17,6.754201532,1,1,Machine-M01,M01-S02
2024-01-01 00:00:18,6.658780195,1,1,Machine-M01,M01-S02
2024-01-01 00:00:19,7.014260872,1,1,Machine-M01,M01-S02
2024-01-01 00:00:20,6.539835918,1,1,Machine-M01,M01-S02
2024-01-01 00:00:21,6.731294266,1,1,Machine-M01,M01-S02
2024-01-01 00:00:22,6.694452397,1,1,Machine-M01,M01-S02
2024-01-01 00:00:23,6.516208498,1,1,Machine-M01,M01-S02
2024-01-01 00:00:24,6.539949719,1,1,Machine-M01,M01-S02
2024-01-01 00:00:25,6.530511997,1,1,Machine-M01,M01-S02
2024-01-01 00:00:26,6.6028423,1,1,Machine-M01,M01-S02
2024-01-01 00:00:27,6.802684258,1,1,Machine-M01,M01-S02
2024-01-01 00:00:28,6.571110139,1,1,Machine-M01,M01-S02
2024-01-01 00:00:29,6.540041608,1,1,Machine-M01,M01-S02
2024-01-01 00:00:30,6.619551048,1,1,Machine-M01,M01-S02
2024-01-01 00:00:31,6.498926313,1,1,Machine-M01,M01-S02
2024-01-01 00:00:32,6.460474931,1,1,Machine-M01,M01-S02
2024-01-01 00:00:33,6.698240185,1,1,Machine-M01,M01-S02
2024-01-01 00:00:34,6.417557241,1,1,Machine-M01,M01-S02
2024-01-01 00:00:35,6.667829651,1,1,Machine-M01,M01-S02
2024-01-01 00:00:36,6.573675083,1,1,Machine-M01,M01-S02
2024-01-01 00:00:37,6.595570053,1,1,Machine-M01,M01-S02
2024-01-01 00:00:38,6.490881349,1,1,Machine-M01,M01-S02
2024-01-01 00:00:39,6.664779148,1,1,Machine-M01,M01-S02
2024-01-01 00:00:40,6.775056687,1,1,Machine-M01,M01-S02
2024-01-01 00:00:41,6.636724573,1,1,Machine-M01,M01-S02
2024-01-01 00:00:42,6.94999157,1,1,Machine-M01,M01-S02
2024-01-01 00:00:43,6.522981248,1,1,Machine-M01,M01-S02
2024-01-01 00:00:44,6.503030551,1,1,Machine-M01,M01-S02
2024-01-01 00:00:45,6.85516982,1,1,Machine-M01,M01-S02
2024-01-01 00:00:46,6.62993486,1,1,Machine-M01,M01-S02
2024-01-01 00:00:47,6.643403947,1,1,Machine-M01,M01-S02
2024-01-01 00:00:48,6.793790157,1,1,Machine-M01,M01-S02
2024-01-01 00:00:49,6.82258275,1,1,Machine-M01,M01-S02
2024-01-01 00:00:50,6.875277162,1,1,Machine-M01,M01-S02
2024-01-01 00:00:51,6.541680389,1,1,Machine-M01,M01-S02
2024-01-01 00:00:52,6.490681093,1,1,Machine-M01,M01-S02
2024-01-01 00:00:53,6.67641713,1,1,Machine-M01,M01-S02
2024-01-01 00:00:54,6.960195116,1,1,Machine-M01,M01-S02
2024-01-01 00:00:55,7.046980254,1,2,Machine-M01,M01-S02
2024-01-01 00:00:56,6.900071119,1,2,Machine-M01,M01-S02
2024-01-01 00:00:57,7.071213267,1,2,Machine-M01,M01-S02
2024-01-01 00:00:58,7.292379146,1,2,Machine-M01,M01-S02
2024-01-01 00:00:59,7.077417641,1,2,Machine-M01,M01-S02
2024-01-01 00:01:00,6.799786021,1,2,Machine-M01,M01-S02
2024-01-01 00:01:01,6.665526783,1,2,Machine-M01,M01-S02
2024-01-01 00:01:02,6.577737617,1,2,Machine-M01,M01-S02
2024-01-01 00:01:03,6.817929836,1,2,Machine-M01,M01-S02
2024-01-01 00:01:04,6.845277085,1,2,Machine-M01,M01-S02
2024-01-01 00:01:05,6.73594147,1,2,Machine-M01,M01-S02
2024-01-01 00:01:06,7.342786498,1,2,Machine-M01,M01-S02
2024-01-01 00:01:07,6.731879745,1,2,Machine-M01,M01-S02
2024-01-01 00:01:08,6.445570216,1,2,Machine-M01,M01-S02
2024-01-01 00:01:09,7.07425914,1,2,Machine-M01,M01-S02
2024-01-01 00:01:10,6.695147285,1,2,Machine-M01,M01-S02
2024-01-01 00:01:11,7.01208823,1,2,Machine-M01,M01-S02
2024-01-01 00:01:12,6.903376012,1,2,Machine-M01,M01-S02
2024-01-01 00:01:13,7.289577435,1,2,Machine-M01,M01-S02
2024-01-01 00:01:14,7.02267216,1,2,Machine-M01,M01-S02
2024-01-01 00:01:15,6.839535017,1,2,Machine-M01,M01-S02
2024-01-01 00:01:16,6.917634044,1,2,Machine-M01,M01-S02
2024-01-01 00:01:17,7.001057802,1,2,Machine-M01,M01-S02
2024-01-01 00:01:18,6.638229923,1,2,Machine-M01,M01-S02
2024-01-01 00:01:19,6.772290154,1,2,Machine-M01,M01-S02
2024-01-01 00:01:20,6.923714162,1,2,Machine-M01,M01-S02
2024-01-01 00:01:21,6.862103838,1,2,Machine-M01,M01-S02
2024-01-01 00:01:22,7.191971386,1,2,Machine-M01,M01-S02
2024-01-01 00:01:23,6.888331607,1,2,Machine-M01,M01-S02
2024-01-01 00:01:24,7.094801912,1,2,Machine-M01,M01-S02
2024-01-01 00:01:25,7.140154757,1,2,Machine-M01,M01-S02
2024-01-01 00:01:26,7.094607168,1,2,Machine-M01,M01-S02
2024-01-01 00:01:27,6.924126327,1,2,Machine-M01,M01-S02
2024-01-01 00:01:28,6.931851536,1,2,Machine-M01,M01-S02
2024-01-01 00:01:29,7.124609651,1,2,Machine-M01,M01-S02
2024-01-01 00:01:30,6.908754151,1,2,Machine-M01,M01-S02
2024-01-01 00:01:31,6.985121029,1,2,Machine-M01,M01-S02
2024-01-01 00:01:32,7.111635433,1,2,Machine-M01,M01-S02
2024-01-01 00:01:33,6.847552135,1,2,Machine-M01,M01-S02
2024-01-01 00:01:34,7.09289849,1,2,Machine-M01,M01-S02
2024-01-01 00:01:35,7.163023378,1,2,Machine-M01,M01-S02
2024-01-01 00:01:36,7.387839937,1,2,Machine-M01,M01-S02
2024-01-01 00:01:37,7.144090466,1,2,Machine-M01,M01-S02
2024-01-01 00:01:38,7.047624745,1,2,Machine-M01,M01-S02
2024-01-01 00:01:39,7.156666797,1,2,Machine-M01,M01-S02
2024-01-01 00:01:40,6.901275399,1,2,Machine-M01,M01-S02
2024-01-01 00:01:41,6.993018339,1,2,Machine-M01,M01-S02
2024-01-01 00:01:42,7.473872595,1,2,Machine-M01,M01-S02
2024-01-01 00:01:43,7.173781265,1,2,Machine-M01,M01-S02
2024-01-01 00:01:44,6.94985686,1,2,Machine-M01,M01-S02
2024-01-01 00:01:45,7.155742187,1,2,Machine-M01,M01-S02
2024-01-01 00:01:46,7.088880072,1,2,Machine-M01,M01-S02
2024-01-01 00:01:47,7.344892628,1,2,Machine-M01,M01-S02
2024-01-01 00:01:48,7.291911375,1,2,Machine-M01,M01-S02
2024-01-01 00:01:49,7.542879785,1,2,Machine-M01,M01-S02
2024-01-01 00:01:50,7.260527064,1,3,Machine-M01,M01-S02
2024-01-01 00:01:51,7.5013014,1,3,Machine-M01,M01-S02
2024-01-01 00:01:52,7.190614467,1,3,Machine-M01,M01-S02
2024-01-01 00:01:53,7.223130191,1,3,Machine-M01,M01-S02
2024-01-01 00:01:54,7.126847255,1,3,Machine-M01,M01-S02
2024-01-01 00:01:55,7.531577672,1,3,Machine-M01,M01-S02
2024-01-01 00:01:56,7.440939965,1,3,Machine-M01,M01-S02
2024-01-01 00:01:57,7.002117879,1,3,Machine-M01,M01-S02
2024-01-01 00:01:58,7.405723927,1,3,Machine-M01,M01-S02
2024-01-01 00:01:59,7.290682005,1,3,Machine-M01,M01-S02
2024-01-01 00:02:00,7.229999393,1,3,Machine-M01,M01-S02
2024-01-01 00:02:01,7.546175353,1,3,Machine-M01,M01-S02
2024-01-01 00:02:02,7.422370027,1,3,Machine-M01,M01-S02
2024-01-01 00:02:03,7.517541246,1,3,Machine-M01,M01-S02
2024-01-01 00:02:04,7.34231995,1,3,Machine-M01,M01-S02
2024-01-01 00:02:05,7.556965635,1,3,Machine-M01,M01-S02
2024-01-01 00:02:06,7.68899159,1,3,Machine-M01,M01-S02
2024-01-01 00:02:07,7.27250772,1,3,Machine-M01,M01-S02
2024-01-01 00:02:08,7.417654488,1,3,Machine-M01,M01-S02
2024-01-01 00:02:09,7.316127627,1,3,Machine-M01,M01-S02
2024-01-01 00:02:10,7.685869467,1,3,Machine-M01,M01-S02
2024-01-01 00:02:11,7.515500868,1,3,Machine-M01,M01-S02
2024-01-01 00:02:12,7.51349598,1,3,Machine-M01,M01-S02
2024-01-01 00:02:13,7.438676268,1,3,Machine-M01,M01-S02
2024-01-01 00:02:14,7.687640146,1,3,Machine-M01,M01-S02
2024-01-01 00:02:15,6.892504405,1,3,Machine-M01,M01-S02
2024-01-01 00:02:16,7.962751632,1,3,Machine-M01,M01-S02
2024-01-01 00:02:17,7.941147254,1,3,Machine-M01,M01-S02
2024-01-01 00:02:18,7.564349383,1,3,Machine-M01,M01-S02
2024-01-01 00:02:19,7.627829958,1,3,Machine-M01,M01-S02
2024-01-01 00:02:20,7.502910156,1,3,Machine-M01,M01-S02
2024-01-01 00:02:21,7.573366843,1,3,Machine-M01,M01-S02
2024-01-01 00:02:22,7.926238428,1,3,Machine-M01,M01-S02
2024-01-01 00:02:23,7.602211823,1,3,Machine-M01,M01-S02
2024-01-01 00:02:24,7.50606288,1,3,Machine-M01,M01-S02
2024-01-01 00:02:25,7.633730287,1,3,Machine-M01,M01-S02
2024-01-01 00:02:26,7.724566332,1,3,Machine-M01,M01-S02
2024-01-01 00:02:27,7.926518914,1,3,Machine-M01,M01-S02
2024-01-01 00:02:28,7.803909595,1,3,Machine-M01,M01-S02
2024-01-01 00:02:29,7.782651021,1,3,Machine-M01,M01-S02
2024-01-01 00:02:30,7.974717775,1,3,Machine-M01,M01-S02
2024-01-01 00:02:31,7.704680747,1,3,Machine-M01,M01-S02
2024-01-01 00:02:32,7.619207492,1,3,Machine-M01,M01-S02
2024-01-01 00:02:33,7.723532682,1,3,Machine-M01,M01-S02
2024-01-01 00:02:34,7.826857518,1,3,Machine-M01,M01-S02
2024-01-01 00:02:35,7.331242928,1,3,Machine-M01,M01-S02
2024-01-01 00:02:36,7.721839769,1,3,Machine-M01,M01-S02
2024-01-01 00:02:37,8.006374938,1,3,Machine-M01,M01-S02
2024-01-01 00:02:38,8.102100042,1,3,Machine-M01,M01-S02
2024-01-01 00:02:39,7.550993257,1,3,Machine-M01,M01-S02
2024-01-01 00:02:40,8.06087179,1,3,Machine-M01,M01-S02
2024-01-01 00:02:41,7.778363044,1,3,Machine-M01,M01-S02
2024-01-01 00:02:42,8.266980363,1,3,Machine-M01,M01-S02
2024-01-01 00:02:43,8.536911913,1,3,Machine-M01,M01-S02
2024-01-01 00:02:44,8.102443946,1,3,Machine-M01,M01-S02
2024-01-01 00:02:45,11.49014882,0,0,Machine-M01,M01-S02
2024-01-01 00:02:46,11.41887836,0,0,Machine-M01,M01-S02
2024-01-01 00:00:00,6.497622367,1,1,Machine-M01,M01-S03
2024-01-01 00:00:01,6.436049902,1,1,Machine-M01,M01-S03
2024-01-01 00:00:02,6.520134977,1,1,Machine-M01,M01-S03
2024-01-01 00:00:03,6.574716103,1,1,Machine-M01,M01-S03
2024-01-01 00:00:04,6.521148705,1,1,Machine-M01,M01-S03
2024-01-01 00:00:05,6.441717675,1,1,Machine-M01,M01-S03
2024-01-01 00:00:06,6.522262942,1,1,Machine-M01,M01-S03
2024-01-01 00:00:07,6.550689449,1,1,Machine-M01,M01-S03
2024-01-01 00:00:08,6.518391308,1,1,Machine-M01,M01-S03
2024-01-01 00:00:09,6.494941625,1,1,Machine-M01,M01-S03
2024-01-01 00:00:10,6.499272679,1,1,Machine-M01,M01-S03
2024-01-01 00:00:11,6.507070702,1,1,Machine-M01,M01-S03
2024-01-01 00:00:12,6.476868598,1,1,Machine-M01,M01-S03
2024-01-01 00:00:13,6.552248995,1,1,Machine-M01,M01-S03
2024-01-01 00:00:14,6.559009931,1,1,Machine-M01,M01-S03
2024-01-01 00:00:15,6.563348132,1,1,Machine-M01,M01-S03
2024-01-01 00:00:16,6.529355005,1,1,Machine-M01,M01-S03
2024-01-01 00:00:17,6.571379434,1,1,Machine-M01,M01-S03
2024-01-01 00:00:18,6.52960474,1,1,Machine-M01,M01-S03
2024-01-01 00:00:19,6.595748032,1,1,Machine-M01,M01-S03
2024-01-01 00:00:20,6.540762761,1,1,Machine-M01,M01-S03
2024-01-01 00:00:21,6.512679936,1,1,Machine-M01,M01-S03
2024-01-01 00:00:22,6.544728916,1,1,Machine-M01,M01-S03
2024-01-01 00:00:23,6.528617862,1,1,Machine-M01,M01-S03
2024-01-01 00:00:24,6.58464156,1,1,Machine-M01,M01-S03
2024-01-01 00:00:25,6.573635096,1,1,Machine-M01,M01-S03
2024-01-01 00:00:26,6.614289636,1,1,Machine-M01,M01-S03
2024-01-01 00:00:27,6.556842401,1,1,Machine-M01,M01-S03
2024-01-01 00:00:28,6.588604877,1,1,Machine-M01,M01-S03
2024-01-01 00:00:29,6.590281345,1,1,Machine-M01,M01-S03
2024-01-01 00:00:30,6.560568158,1,1,Machine-M01,M01-S03
2024-01-01 00:00:31,6.62568847,1,1,Machine-M01,M01-S03
2024-01-01 00:00:32,6.665442521,1,1,Machine-M01,M01-S03
2024-01-01 00:00:33,6.656899737,1,1,Machine-M01,M01-S03
2024-01-01 00:00:34,6.620796297,1,1,Machine-M01,M01-S03
2024-01-01 00:00:35,6.710832518,1,1,Machine-M01,M01-S03
2024-01-01 00:00:36,6.669817336,1,1,Machine-M01,M01-S03
2024-01-01 00:00:37,6.658529184,1,1,Machine-M01,M01-S03
2024-01-01 00:00:38,6.632066714,1,1,Machine-M01,M01-S03
2024-01-01 00:00:39,6.628907263,1,1,Machine-M01,M01-S03
2024-01-01 00:00:40,6.60004623,1,1,Machine-M01,M01-S03
2024-01-01 00:00:41,6.626687877,1,1,Machine-M01,M01-S03
2024-01-01 00:00:42,6.556165904,1,1,Machine-M01,M01-S03
2024-01-01 00:00:43,6.674481521,1,1,Machine-M01,M01-S03
2024-01-01 00:00:44,6.636428038,1,1,Machine-M01,M01-S03
2024-01-01 00:00:45,6.678828561,1,1,Machine-M01,M01-S03
2024-01-01 00:00:46,6.672539432,1,1,Machine-M01,M01-S03
2024-01-01 00:00:47,6.61386412,1,1,Machine-M01,M01-S03
2024-01-01 00:00:48,6.646691245,1,1,Machine-M01,M01-S03
2024-01-01 00:00:49,6.665134678,1,1,Machine-M01,M01-S03
2024-01-01 00:00:50,6.696089169,1,1,Machine-M01,M01-S03
2024-01-01 00:00:51,6.718773546,1,1,Machine-M01,M01-S03
2024-01-01 00:00:52,6.632098801,1,1,Machine-M01,M01-S03
2024-01-01 00:00:53,6.785234691,1,1,Machine-M01,M01-S03
2024-01-01 00:00:54,6.680071853,1,1,Machine-M01,M01-S03
2024-01-01 00:00:55,6.680594074,1,2,Machine-M01,M01-S03
2024-01-01 00:00:56,6.720064364,1,2,Machine-M01,M01-S03
2024-01-01 00:00:57,6.712155887,1,2,Machine-M01,M01-S03
2024-01-01 00:00:58,6.690550136,1,2,Machine-M01,M01-S03
2024-01-01 00:00:59,6.799110646,1,2,Machine-M01,M01-S03
2024-01-01 00:01:00,6.840490373,1,2,Machine-M01,M01-S03
2024-01-01 00:01:01,6.869918002,1,2,Machine-M01,M01-S03
2024-01-01 00:01:02,6.832052739,1,2,Machine-M01,M01-S03
2024-01-01 00:01:03,6.757643685,1,2,Machine-M01,M01-S03
2024-01-01 00:01:04,6.835391188,1,2,Machine-M01,M01-S03
2024-01-01 00:01:05,6.775285518,1,2,Machine-M01,M01-S03
2024-01-01 00:01:06,6.98721303,1,2,Machine-M01,M01-S03
2024-01-01 00:01:07,6.757548135,1,2,Machine-M01,M01-S03
2024-01-01 00:01:08,6.803211924,1,2,Machine-M01,M01-S03
2024-01-01 00:01:09,6.798480837,1,2,Machine-M01,M01-S03
2024-01-01 00:01:10,6.77302514,1,2,Machine-M01,M01-S03
2024-01-01 00:01:11,6.988397497,1,2,Machine-M01,M01-S03
2024-01-01 00:01:12,6.879704189,1,2,Machine-M01,M01-S03
2024-01-01 00:01:13,6.807745529,1,2,Machine-M01,M01-S03
2024-01-01 00:01:14,6.846047867,1,2,Machine-M01,M01-S03
2024-01-01 00:01:15,6.920803181,1,2,Machine-M01,M01-S03
2024-01-01 00:01:16,6.828879398,1,2,Machine-M01,M01-S03
2024-01-01 00:01:17,6.894430059,1,2,Machine-M01,M01-S03
2024-01-01 00:01:18,6.96913865,1,2,Machine-M01,M01-S03
2024-01-01 00:01:19,6.804206274,1,2,Machine-M01,M01-S03
2024-01-01 00:01:20,6.949033977,1,2,Machine-M01,M01-S03
2024-01-01 00:01:21,6.95922854,1,2,Machine-M01,M01-S03
2024-01-01 00:01:22,7.097262228,1,2,Machine-M01,M01-S03
2024-01-01 00:01:23,7.034139552,1,2,Machine-M01,M01-S03
2024-01-01 00:01:24,7.122318998,1,2,Machine-M01,M01-S03
2024-01-01 00:01:25,6.919341851,1,2,Machine-M01,M01-S03
2024-01-01 00:01:26,6.917018869,1,2,Machine-M01,M01-S03
2024-01-01 00:01:27,6.990259945,1,2,Machine-M01,M01-S03
2024-01-01 00:01:28,7.109682257,1,2,Machine-M01,M01-S03
2024-01-01 00:01:29,7.044585182,1,2,Machine-M01,M01-S03
2024-01-01 00:01:30,7.148888161,1,2,Machine-M01,M01-S03
2024-01-01 00:01:31,7.011837173,1,2,Machine-M01,M01-S03
2024-01-01 00:01:32,7.005391189,1,2,Machine-M01,M01-S03
2024-01-01 00:01:33,7.170987786,1,2,Machine-M01,M01-S03
2024-01-01 00:01:34,7.212851014,1,2,Machine-M01,M01-S03
2024-01-01 00:01:35,7.152026657,1,2,Machine-M01,M01-S03
2024-01-01 00:01:36,7.113462732,1,2,Machine-M01,M01-S03
2024-01-01 00:01:37,7.053375977,1,2,Machine-M01,M01-S03
2024-01-01 00:01:38,7.223157484,1,2,Machine-M01,M01-S03
2024-01-01 00:01:39,7.258550582,1,2,Machine-M01,M01-S03
2024-01-01 00:01:40,7.231628364,1,2,Machine-M01,M01-S03
2024-01-01 00:01:41,7.139768743,1,2,Machine-M01,M01-S03
2024-01-01 00:01:42,7.433891977,1,2,Machine-M01,M01-S03
2024-01-01 00:01:43,7.21623059,1,2,Machine-M01,M01-S03
2024-01-01 00:01:44,7.332061329,1,2,Machine-M01,M01-S03
2024-01-01 00:01:45,7.163742828,1,2,Machine-M01,M01-S03
2024-01-01 00:01:46,7.452992603,1,2,Machine-M01,M01-S03
2024-01-01 00:01:47,7.252590725,1,2,Machine-M01,M01-S03
2024-01-01 00:01:48,7.315034248,1,2,Machine-M01,M01-S03
2024-01-01 00:01:49,7.444021531,1,2,Machine-M01,M01-S03
2024-01-01 00:01:50,7.421289029,1,3,Machine-M01,M01-S03
2024-01-01 00:01:51,7.430514519,1,3,Machine-M01,M01-S03
2024-01-01 00:01:52,7.368151575,1,3,Machine-M01,M01-S03
2024-01-01 00:01:53,7.34811572,1,3,Machine-M01,M01-S03
2024-01-01 00:01:54,7.548950168,1,3,Machine-M01,M01-S03
2024-01-01 00:01:55,7.408806905,1,3,Machine-M01,M01-S03
2024-01-01 00:01:56,7.501246364,1,3,Machine-M01,M01-S03
2024-01-01 00:01:57,7.45452194,1,3,Machine-M01,M01-S03
2024-01-01 00:01:58,7.592263396,1,3,Machine-M01,M01-S03
2024-01-01 00:01:59,7.488966239,1,3,Machine-M01,M01-S03
2024-01-01 00:02:00,7.521133381,1,3,Machine-M01,M01-S03
2024-01-01 00:02:01,7.530868692,1,3,Machine-M01,M01-S03
2024-01-01 00:02:02,7.512261873,1,3,Machine-M01,M01-S03
2024-01-01 00:02:03,7.58985801,1,3,Machine-M01,M01-S03
2024-01-01 00:02:04,7.600277799,1,3,Machine-M01,M01-S03
2024-01-01 00:02:05,7.559781797,1,3,Machine-M01,M01-S03
2024-01-01 00:02:06,7.672412815,1,3,Machine-M01,M01-S03
2024-01-01 00:02:07,7.741469681,1,3,Machine-M01,M01-S03
2024-01-01 00:02:08,7.534306974,1,3,Machine-M01,M01-S03
2024-01-01 00:02:09,7.591170996,1,3,Machine-M01,M01-S03
2024-01-01 00:02:10,7.876656774,1,3,Machine-M01,M01-S03
2024-01-01 00:02:11,7.762038369,1,3,Machine-M01,M01-S03
2024-01-01 00:02:12,7.814910161,1,3,Machine-M01,M01-S03
2024-01-01 00:02:13,7.789373952,1,3,Machine-M01,M01-S03
2024-01-01 00:02:14,7.848525078,1,3,Machine-M01,M01-S03
2024-01-01 00:02:15,7.794456939,1,3,Machine-M01,M01-S03
2024-01-01 00:02:16,7.892683048,1,3,Machine-M01,M01-S03
2024-01-01 00:02:17,7.72944317,1,3,Machine-M01,M01-S03
2024-01-01 00:02:18,7.92300736,1,3,Machine-M01,M01-S03
2024-01-01 00:02:19,7.933050627,1,3,Machine-M01,M01-S03
2024-01-01 00:02:20,7.850742174,1,3,Machine-M01,M01-S03
2024-01-01 00:02:21,7.918847623,1,3,Machine-M01,M01-S03
2024-01-01 00:02:22,7.879259618,1,3,Machine-M01,M01-S03
2024-01-01 00:02:23,7.990319472,1,3,Machine-M01,M01-S03
2024-01-01 00:02:24,7.954783448,1,3,Machine-M01,M01-S03
2024-01-01 00:02:25,8.069488001,1,3,Machine-M01,M01-S03
2024-01-01 00:02:26,7.993922126,1,3,Machine-M01,M01-S03
2024-01-01 00:02:27,8.188994568,1,3,Machine-M01,M01-S03
2024-01-01 00:02:28,8.227249401,1,3,Machine-M01,M01-S03
2024-01-01 00:02:29,8.17309862,1,3,Machine-M01,M01-S03
2024-01-01 00:02:30,8.182674768,1,3,Machine-M01,M01-S03
2024-01-01 00:02:31,8.217395464,1,3,Machine-M01,M01-S03
2024-01-01 00:02:32,8.273428654,1,3,Machine-M01,M01-S03
2024-01-01 00:02:33,8.21237973,1,3,Machine-M01,M01-S03
2024-01-01 00:02:34,8.207530085,1,3,Machine-M01,M01-S03
2024-01-01 00:02:35,8.242943606,1,3,Machine-M01,M01-S03
2024-01-01 00:02:36,8.316654144,1,3,Machine-M01,M01-S03
2024-01-01 00:02:37,8.237861192,1,3,Machine-M01,M01-S03
2024-01-01 00:02:38,8.319348714,1,3,Machine-M01,M01-S03
2024-01-01 00:02:39,8.329067186,1,3,Machine-M01,M01-S03
2024-01-01 00:02:40,8.40534524,1,3,Machine-M01,M01-S03
2024-01-01 00:02:41,8.325761045,1,3,Machine-M01,M01-S03
2024-01-01 00:02:42,8.419086774,1,3,Machine-M01,M01-S03
2024-01-01 00:02:43,8.559780262,1,3,Machine-M01,M01-S03
2024-01-01 00:02:44,8.363041682,1,3,Machine-M01,M01-S03
2024-01-01 00:02:45,12.84974799,0,0,Machine-M01,M01-S03
2024-01-01 00:02:46,12.89254678,0,0,Machine-M01,M01-S03
2024-01-01 00:00:00,6.516126638,1,1,Machine-M02,M02-S01
2024-01-01 00:00:01,6.384332429,1,1,Machine-M02,M02-S01
2024-01-01 00:00:02,6.625958811,1,1,Machine-M02,M02-S01
2024-01-01 00:00:03,6.616306151,1,1,Machine-M02,M02-S01
2024-01-01 00:00:04,6.581296252,1,1,Machine-M02,M02-S01
2024-01-01 00:00:05,6.561128324,1,1,Machine-M02,M02-S01
2024-01-01 00:00:06,6.506375833,1,1,Machine-M02,M02-S01
2024-01-01 00:00:07,6.649053234,1,1,Machine-M02,M02-S01
2024-01-01 00:00:08,6.491626539,1,1,Machine-M02,M02-S01
2024-01-01 00:00:09,6.570753911,1,1,Machine-M02,M02-S01
2024-01-01 00:00:10,6.546896362,1,1,Machine-M02,M02-S01
2024-01-01 00:00:11,6.425716,1,1,Machine-M02,M02-S01
2024-01-01 00:00:12,6.526948727,1,1,Machine-M02,M02-S01
2024-01-01 00:00:13,6.52140034,1,1,Machine-M02,M02-S01
2024-01-01 00:00:14,6.597271596,1,1,Machine-M02,M02-S01
2024-01-01 00:00:15,6.656564491,1,1,Machine-M02,M02-S01
2024-01-01 00:00:16,6.603672453,1,1,Machine-M02,M02-S01
2024-01-01 00:00:17,6.585668423,1,1,Machine-M02,M02-S01
2024-01-01 00:00:18,6.620952776,1,1,Machine-M02,M02-S01
2024-01-01 00:00:19,6.495805529,1,1,Machine-M02,M02-S01
2024-01-01 00:00:20,6.47933643,1,1,Machine-M02,M02-S01
2024-01-01 00:00:21,6.662622748,1,1,Machine-M02,M02-S01
2024-01-01 00:00:22,6.566645648,1,1,Machine-M02,M02-S01
2024-01-01 00:00:23,6.563557816,1,1,Machine-M02,M02-S01
2024-01-01 00:00:24,6.626952365,1,1,Machine-M02,M02-S01
2024-01-01 00:00:25,6.618089153,1,1,Machine-M02,M02-S01
2024-01-01 00:00:26,6.519313218,1,1,Machine-M02,M02-S01
2024-01-01 00:00:27,6.614746344,1,1,Machine-M02,M02-S01
2024-01-01 00:00:28,6.59135187,1,1,Machine-M02,M02-S01
2024-01-01 00:00:29,6.601039365,1,1,Machine-M02,M02-S01
2024-01-01 00:00:30,6.552562915,1,1,Machine-M02,M02-S01
2024-01-01 00:00:31,6.587811157,1,1,Machine-M02,M02-S01
2024-01-01 00:00:32,6.415290868,1,1,Machine-M02,M02-S01
2024-01-01 00:00:33,6.6182004,1,1,Machine-M02,M02-S01
2024-01-01 00:00:34,6.645185626,1,1,Machine-M02,M02-S01
2024-01-01 00:00:35,6.59403705,1,1,Machine-M02,M02-S01
2024-01-01 00:00:36,6.650041046,1,1,Machine-M02,M02-S01
2024-01-01 00:00:37,6.542575957,1,1,Machine-M02,M02-S01
2024-01-01 00:00:38,6.650923219,1,1,Machine-M02,M02-S01
2024-01-01 00:00:39,6.608717915,1,1,Machine-M02,M02-S01
2024-01-01 00:00:40,6.665957309,1,1,Machine-M02,M02-S01
2024-01-01 00:00:41,6.639463632,1,1,Machine-M02,M02-S01
2024-01-01 00:00:42,6.622376702,1,1,Machine-M02,M02-S01
2024-01-01 00:00:43,6.568014195,1,1,Machine-M02,M02-S01
2024-01-01 00:00:44,6.588228731,1,1,Machine-M02,M02-S01
2024-01-01 00:00:45,6.624879333,1,1,Machine-M02,M02-S01
2024-01-01 00:00:46,6.598704611,1,1,Machine-M02,M02-S01
2024-01-01 00:00:47,6.66866888,1,1,Machine-M02,M02-S01
2024-01-01 00:00:48,6.568428846,1,1,Machine-M02,M02-S01
2024-01-01 00:00:49,6.604321386,1,1,Machine-M02,M02-S01
2024-01-01 00:00:50,6.977320666,1,1,Machine-M02,M02-S01
2024-01-01 00:00:51,6.80537383,1,1,Machine-M02,M02-S01
2024-01-01 00:00:52,6.623560981,1,1,Machine-M02,M02-S01
2024-01-01 00:00:53,6.848522767,1,1,Machine-M02,M02-S01
2024-01-01 00:00:54,6.640292657,1,1,Machine-M02,M02-S01
2024-01-01 00:00:55,6.767665139,1,2,Machine-M02,M02-S01
2024-01-01 00:00:56,6.692761723,1,2,Machine-M02,M02-S01
2024-01-01 00:00:57,6.626045897,1,2,Machine-M02,M02-S01
2024-01-01 00:00:58,6.809543104,1,2,Machine-M02,M02-S01
2024-01-01 00:00:59,6.599193027,1,2,Machine-M02,M02-S01
2024-01-01 00:01:00,6.903419123,1,2,Machine-M02,M02-S01
2024-01-01 00:01:01,6.884837163,1,2,Machine-M02,M02-S01
2024-01-01 00:01:02,6.79502168,1,2,Machine-M02,M02-S01
2024-01-01 00:01:03,6.786155776,1,2,Machine-M02,M02-S01
2024-01-01 00:01:04,6.866624597,1,2,Machine-M02,M02-S01
2024-01-01 00:01:05,6.811342388,1,2,Machine-M02,M02-S01
2024-01-01 00:01:06,6.695188829,1,2,Machine-M02,M02-S01
2024-01-01 00:01:07,6.848593436,1,2,Machine-M02,M02-S01
2024-01-01 00:01:08,7.101520902,1,2,Machine-M02,M02-S01
2024-01-01 00:01:09,6.792775465,1,2,Machine-M02,M02-S01
2024-01-01 00:01:10,6.858526287,1,2,Machine-M02,M02-S01
2024-01-01 00:01:11,6.744091531,1,2,Machine-M02,M02-S01
2024-01-01 00:01:12,7.046875507,1,2,Machine-M02,M02-S01
2024-01-01 00:01:13,6.997498923,1,2,Machine-M02,M02-S01
2024-01-01 00:01:14,7.08614725,1,2,Machine-M02,M02-S01
2024-01-01 00:01:15,6.817137287,1,2,Machine-M02,M02-S01
2024-01-01 00:01:16,6.966052901,1,2,Machine-M02,M02-S01
2024-01-01 00:01:17,6.9453395,1,2,Machine-M02,M02-S01
2024-01-01 00:01:18,6.92061789,1,2,Machine-M02,M02-S01
2024-01-01 00:01:19,6.923239417,1,2,Machine-M02,M02-S01
2024-01-01 00:01:20,7.0078498,1,2,Machine-M02,M02-S01
2024-01-01 00:01:21,7.169987121,1,2,Machine-M02,M02-S01
2024-01-01 00:01:22,7.016618925,1,2,Machine-M02,M02-S01
2024-01-01 00:01:23,6.821698788,1,2,Machine-M02,M02-S01
2024-01-01 00:01:24,7.026966059,1,2,Machine-M02,M02-S01
2024-01-01 00:01:25,6.92893026,1,2,Machine-M02,M02-S01
2024-01-01 00:01:26,6.912282671,1,2,Machine-M02,M02-S01
2024-01-01 00:01:27,7.221193307,1,2,Machine-M02,M02-S01
2024-01-01 00:01:28,7.115624722,1,2,Machine-M02,M02-S01
2024-01-01 00:01:29,6.856869053,1,2,Machine-M02,M02-S01
2024-01-01 00:01:30,7.028163277,1,2,Machine-M02,M02-S01
2024-01-01 00:01:31,7.120128407,1,2,Machine-M02,M02-S01
2024-01-01 00:01:32,7.055254487,1,2,Machine-M02,M02-S01
2024-01-01 00:01:33,7.121408627,1,2,Machine-M02,M02-S01
2024-01-01 00:01:34,6.976120883,1,2,Machine-M02,M02-S01
2024-01-01 00:01:35,7.085069128,1,2,Machine-M02,M02-S01
2024-01-01 00:01:36,7.151976059,1,2,Machine-M02,M02-S01
2024-01-01 00:01:37,7.203810034,1,2,Machine-M02,M02-S01
2024-01-01 00:01:38,7.166106711,1,2,Machine-M02,M02-S01
2024-01-01 00:01:39,6.845398491,1,2,Machine-M02,M02-S01
2024-01-01 00:01:40,7.159521975,1,2,Machine-M02,M02-S01
2024-01-01 00:01:41,7.114992347,1,2,Machine-M02,M02-S01
2024-01-01 00:01:42,7.206785495,1,2,Machine-M02,M02-S01
2024-01-01 00:01:43,7.042938858,1,2,Machine-M02,M02-S01
2024-01-01 00:01:44,7.028522534,1,2,Machine-M02,M02-S01
2024-01-01 00:01:45,7.053993523,1,2,Machine-M02,M02-S01
2024-01-01 00:01:46,7.116995926,1,2,Machine-M02,M02-S01
2024-01-01 00:01:47,7.285799105,1,2,Machine-M02,M02-S01
2024-01-01 00:01:48,7.211761434,1,2,Machine-M02,M02-S01
2024-01-01 00:01:49,7.303851406,1,2,Machine-M02,M02-S01
2024-01-01 00:01:50,7.32899852,1,3,Machine-M02,M02-S01
2024-01-01 00:01:51,7.410838252,1,3,Machine-M02,M02-S01
2024-01-01 00:01:52,7.19542071,1,3,Machine-M02,M02-S01
2024-01-01 00:01:53,7.728989102,1,3,Machine-M02,M02-S01
2024-01-01 00:01:54,7.337078226,1,3,Machine-M02,M02-S01
2024-01-01 00:01:55,7.332644422,1,3,Machine-M02,M02-S01
2024-01-01 00:01:56,7.430140227,1,3,Machine-M02,M02-S01
2024-01-01 00:01:57,7.650103123,1,3,Machine-M02,M02-S01
2024-01-01 00:01:58,7.389039435,1,3,Machine-M02,M02-S01
2024-01-01 00:01:59,7.446498364,1,3,Machine-M02,M02-S01
2024-01-01 00:02:00,7.597203134,1,3,Machine-M02,M02-S01
2024-01-01 00:02:01,7.352451572,1,3,Machine-M02,M02-S01
2024-01-01 00:02:02,7.622383836,1,3,Machine-M02,M02-S01
2024-01-01 00:02:03,7.341701134,1,3,Machine-M02,M02-S01
2024-01-01 00:02:04,7.798886597,1,3,Machine-M02,M02-S01
2024-01-01 00:02:05,7.756119937,1,3,Machine-M02,M02-S01
2024-01-01 00:02:06,7.838416301,1,3,Machine-M02,M02-S01
2024-01-01 00:02:07,7.769801901,1,3,Machine-M02,M02-S01
2024-01-01 00:02:08,7.800620266,1,3,Machine-M02,M02-S01
2024-01-01 00:02:09,7.604742054,1,3,Machine-M02,M02-S01
2024-01-01 00:02:10,7.834659473,1,3,Machine-M02,M02-S01
2024-01-01 00:02:11,7.725738355,1,3,Machine-M02,M02-S01
2024-01-01 00:02:12,7.837047286,1,3,Machine-M02,M02-S01
2024-01-01 00:02:13,7.420544165,1,3,Machine-M02,M02-S01
2024-01-01 00:02:14,7.623348036,1,3,Machine-M02,M02-S01
2024-01-01 00:02:15,7.672835731,1,3,Machine-M02,M02-S01
2024-01-01 00:02:16,8.01992468,1,3,Machine-M02,M02-S01
2024-01-01 00:02:17,8.056481091,1,3,Machine-M02,M02-S01
2024-01-01 00:02:18,7.878057059,1,3,Machine-M02,M02-S01
2024-01-01 00:02:19,7.953583428,1,3,Machine-M02,M02-S01
2024-01-01 00:02:20,7.653849041,1,3,Machine-M02,M02-S01
2024-01-01 00:02:21,7.881331874,1,3,Machine-M02,M02-S01
2024-01-01 00:02:22,7.921469049,1,3,Machine-M02,M02-S01
2024-01-01 00:02:23,7.840428524,1,3,Machine-M02,M02-S01
2024-01-01 00:02:24,7.798008755,1,3,Machine-M02,M02-S01
2024-01-01 00:02:25,8.074146271,1,3,Machine-M02,M02-S01
2024-01-01 00:02:26,8.064356539,1,3,Machine-M02,M02-S01
2024-01-01 00:02:27,8.201226974,1,3,Machine-M02,M02-S01
2024-01-01 00:02:28,7.883310174,1,3,Machine-M02,M02-S01
2024-01-01 00:02:29,8.292853619,1,3,Machine-M02,M02-S01
2024-01-01 00:02:30,8.092965478,1,3,Machine-M02,M02-S01
2024-01-01 00:02:31,8.350272153,1,3,Machine-M02,M02-S01
2024-01-01 00:02:32,8.201383363,1,3,Machine-M02,M02-S01
2024-01-01 00:02:33,8.20804678,1,3,Machine-M02,M02-S01
2024-01-01 00:02:34,8.252524566,1,3,Machine-M02,M02-S01
2024-01-01 00:02:35,8.491544688,1,3,Machine-M02,M02-S01
2024-01-01 00:02:36,8.40477037,1,3,Machine-M02,M02-S01
2024-01-01 00:02:37,8.461619952,1,3,Machine-M02,M02-S01
2024-01-01 00:02:38,8.447796642,1,3,Machine-M02,M02-S01
2024-01-01 00:02:39,8.419690297,1,3,Machine-M02,M02-S01
2024-01-01 00:02:40,8.421105764,1,3,Machine-M02,M02-S01
2024-01-01 00:02:41,8.675584818,1,3,Machine-M02,M02-S01
2024-01-01 00:02:42,8.607517018,1,3,Machine-M02,M02-S01
2024-01-01 00:02:43,8.387172842,1,3,Machine-M02,M02-S01
2024-01-01 00:02:44,8.441473159,1,3,Machine-M02,M02-S01
2024-01-01 00:02:45,10.27999092,0,0,Machine-M02,M02-S01
2024-01-01 00:02:46,10.3520455,0,0,Machine-M02,M02-S01
2024-01-01 00:00:00,9.290301901,1,1,Machine-M02,M02-S02
2024-01-01 00:00:01,9.305607826,1,1,Machine-M02,M02-S02
2024-01-01 00:00:02,9.443875497,1,1,Machine-M02,M02-S02
2024-01-01 00:00:03,9.474147465,1,1,Machine-M02,M02-S02
2024-01-01 00:00:04,9.337294987,1,1,Machine-M02,M02-S02
2024-01-01 00:00:05,9.334812529,1,1,Machine-M02,M02-S02
2024-01-01 00:00:06,9.263405676,1,1,Machine-M02,M02-S02
2024-01-01 00:00:07,9.517023249,1,1,Machine-M02,M02-S02
2024-01-01 00:00:08,9.460931314,1,1,Machine-M02,M02-S02
2024-01-01 00:00:09,9.364865347,1,1,Machine-M02,M02-S02
2024-01-01 00:00:10,9.364125861,1,1,Machine-M02,M02-S02
2024-01-01 00:00:11,9.450744968,1,1,Machine-M02,M02-S02
2024-01-01 00:00:12,9.338136478,1,1,Machine-M02,M02-S02
2024-01-01 00:00:13,9.31234376,1,1,Machine-M02,M02-S02
2024-01-01 00:00:14,9.428870568,1,1,Machine-M02,M02-S02
2024-01-01 00:00:15,9.638920607,1,1,Machine-M02,M02-S02
2024-01-01 00:00:16,9.528826572,1,1,Machine-M02,M02-S02
2024-01-01 00:00:17,9.437988284,1,1,Machine-M02,M02-S02
2024-01-01 00:00:18,9.409755855,1,1,Machine-M02,M02-S02
2024-01-01 00:00:19,9.408619452,1,1,Machine-M02,M02-S02
2024-01-01 00:00:20,9.429636876,1,1,Machine-M02,M02-S02
2024-01-01 00:00:21,9.526180433,1,1,Machine-M02,M02-S02
2024-01-01 00:00:22,9.350593557,1,1,Machine-M02,M02-S02
2024-01-01 00:00:23,9.416507992,1,1,Machine-M02,M02-S02
2024-01-01 00:00:24,9.689384029,1,1,Machine-M02,M02-S02
2024-01-01 00:00:25,9.655001999,1,1,Machine-M02,M02-S02
2024-01-01 00:00:26,9.411467408,1,1,Machine-M02,M02-S02
2024-01-01 00:00:27,9.506418771,1,1,Machine-M02,M02-S02
2024-01-01 00:00:28,9.409491043,1,1,Machine-M02,M02-S02
2024-01-01 00:00:29,9.53108927,1,1,Machine-M02,M02-S02
2024-01-01 00:00:30,9.660287361,1,1,Machine-M02,M02-S02
2024-01-01 00:00:31,9.982160533,1,1,Machine-M02,M02-S02
2024-01-01 00:00:32,9.506719304,1,1,Machine-M02,M02-S02
2024-01-01 00:00:33,9.562598393,1,1,Machine-M02,M02-S02
2024-01-01 00:00:34,9.605543252,1,1,Machine-M02,M02-S02
2024-01-01 00:00:35,9.603787948,1,1,Machine-M02,M02-S02
2024-01-01 00:00:36,9.554903039,1,1,Machine-M02,M02-S02
2024-01-01 00:00:37,9.49202541,1,1,Machine-M02,M02-S02
2024-01-01 00:00:38,9.715103091,1,1,Machine-M02,M02-S02
2024-01-01 00:00:39,9.612654387,1,1,Machine-M02,M02-S02
2024-01-01 00:00:40,9.729869452,1,1,Machine-M02,M02-S02
2024-01-01 00:00:41,9.95613668,1,1,Machine-M02,M02-S02
2024-01-01 00:00:42,9.548338078,1,1,Machine-M02,M02-S02
2024-01-01 00:00:43,9.691227145,1,1,Machine-M02,M02-S02
2024-01-01 00:00:44,9.80687637,1,1,Machine-M02,M02-S02
2024-01-01 00:00:45,9.923526378,1,1,Machine-M02,M02-S02
2024-01-01 00:00:46,9.984843847,1,1,Machine-M02,M02-S02
2024-01-01 00:00:47,9.721005678,1,1,Machine-M02,M02-S02
2024-01-01 00:00:48,9.794508175,1,1,Machine-M02,M02-S02
2024-01-01 00:00:49,9.759844872,1,1,Machine-M02,M02-S02
2024-01-01 00:00:50,9.640744062,1,1,Machine-M02,M02-S02
2024-01-01 00:00:51,9.66875359,1,1,Machine-M02,M02-S02
2024-01-01 00:00:52,9.765788519,1,1,Machine-M02,M02-S02
2024-01-01 00:00:53,9.700273087,1,1,Machine-M02,M02-S02
2024-01-01 00:00:54,9.732840672,1,1,Machine-M02,M02-S02
2024-01-01 00:00:55,9.555858579,1,2,Machine-M02,M02-S02
2024-01-01 00:00:56,10.21109986,1,2,Machine-M02,M02-S02
2024-01-01 00:00:57,9.790061876,1,2,Machine-M02,M02-S02
2024-01-01 00:00:58,9.740436554,1,2,Machine-M02,M02-S02
2024-01-01 00:00:59,9.852155002,1,2,Machine-M02,M02-S02
2024-01-01 00:01:00,9.951372107,1,2,Machine-M02,M02-S02
2024-01-01 00:01:01,10.03714207,1,2,Machine-M02,M02-S02
2024-01-01 00:01:02,9.853601983,1,2,Machine-M02,M02-S02
2024-01-01 00:01:03,10.0918822,1,2,Machine-M02,M02-S02
2024-01-01 00:01:04,9.832822775,1,2,Machine-M02,M02-S02
2024-01-01 00:01:05,10.05888521,1,2,Machine-M02,M02-S02
2024-01-01 00:01:06,9.971153713,1,2,Machine-M02,M02-S02
2024-01-01 00:01:07,10.03534326,1,2,Machine-M02,M02-S02
2024-01-01 00:01:08,9.929846807,1,2,Machine-M02,M02-S02
2024-01-01 00:01:09,9.952158173,1,2,Machine-M02,M02-S02
2024-01-01 00:01:10,9.922300781,1,2,Machine-M02,M02-S02
2024-01-01 00:01:11,9.7782472,1,2,Machine-M02,M02-S02
2024-01-01 00:01:12,10.35264825,1,2,Machine-M02,M02-S02
2024-01-01 00:01:13,10.06207053,1,2,Machine-M02,M02-S02
2024-01-01 00:01:14,9.879919828,1,2,Machine-M02,M02-S02
2024-01-01 00:01:15,9.958278217,1,2,Machine-M02,M02-S02
2024-01-01 00:01:16,10.47598896,1,2,Machine-M02,M02-S02
2024-01-01 00:01:17,10.34912312,1,2,Machine-M02,M02-S02
2024-01-01 00:01:18,10.36466637,1,2,Machine-M02,M02-S02
2024-01-01 00:01:19,10.30202457,1,2,Machine-M02,M02-S02
2024-01-01 00:01:20,10.54664999,1,2,Machine-M02,M02-S02
2024-01-01 00:01:21,10.41619855,1,2,Machine-M02,M02-S02
2024-01-01 00:01:22,10.30790575,1,2,Machine-M02,M02-S02
2024-01-01 00:01:23,10.82145173,1,2,Machine-M02,M02-S02
2024-01-01 00:01:24,10.2489487,1,2,Machine-M02,M02-S02
2024-01-01 00:01:25,10.45050078,1,2,Machine-M02,M02-S02
2024-01-01 00:01:26,10.60978435,1,2,Machine-M02,M02-S02
2024-01-01 00:01:27,10.67407909,1,2,Machine-M02,M02-S02
2024-01-01 00:01:28,10.57761529,1,2,Machine-M02,M02-S02
2024-01-01 00:01:29,10.19292244,1,2,Machine-M02,M02-S02
2024-01-01 00:01:30,10.52189038,1,2,Machine-M02,M02-S02
2024-01-01 00:01:31,10.35857094,1,2,Machine-M02,M02-S02
2024-01-01 00:01:32,10.56158208,1,2,Machine-M02,M02-S02
2024-01-01 00:01:33,10.64358463,1,2,Machine-M02,M02-S02
2024-01-01 00:01:34,10.78743741,1,2,Machine-M02,M02-S02
2024-01-01 00:01:35,10.48578463,1,2,Machine-M02,M02-S02
2024-01-01 00:01:36,10.32495277,1,2,Machine-M02,M02-S02
2024-01-01 00:01:37,10.62347384,1,2,Machine-M02,M02-S02
2024-01-01 00:01:38,10.96450529,1,2,Machine-M02,M02-S02
2024-01-01 00:01:39,11.31449904,1,2,Machine-M02,M02-S02
2024-01-01 00:01:40,11.20142465,1,2,Machine-M02,M02-S02
2024-01-01 00:01:41,10.6936654,1,2,Machine-M02,M02-S02
2024-01-01 00:01:42,10.96367341,1,2,Machine-M02,M02-S02
2024-01-01 00:01:43,10.71166423,1,2,Machine-M02,M02-S02
2024-01-01 00:01:44,10.81249964,1,2,Machine-M02,M02-S02
2024-01-01 00:01:45,10.8385193,1,2,Machine-M02,M02-S02
2024-01-01 00:01:46,10.74740726,1,2,Machine-M02,M02-S02
2024-01-01 00:01:47,11.04444318,1,2,Machine-M02,M02-S02
2024-01-01 00:01:48,11.18767712,1,2,Machine-M02,M02-S02
2024-01-01 00:01:49,11.48073795,1,2,Machine-M02,M02-S02
2024-01-01 00:01:50,11.1399154,1,3,Machine-M02,M02-S02
2024-01-01 00:01:51,10.69339954,1,3,Machine-M02,M02-S02
2024-01-01 00:01:52,11.13712144,1,3,Machine-M02,M02-S02
2024-01-01 00:01:53,11.10597087,1,3,Machine-M02,M02-S02
2024-01-01 00:01:54,10.85139621,1,3,Machine-M02,M02-S02
2024-01-01 00:01:55,10.94542287,1,3,Machine-M02,M02-S02
2024-01-01 00:01:56,11.78686295,1,3,Machine-M02,M02-S02
2024-01-01 00:01:57,11.54743222,1,3,Machine-M02,M02-S02
2024-01-01 00:01:58,11.63482188,1,3,Machine-M02,M02-S02
2024-01-01 00:01:59,11.16000251,1,3,Machine-M02,M02-S02
2024-01-01 00:02:00,11.0219989,1,3,Machine-M02,M02-S02
2024-01-01 00:02:01,11.12354282,1,3,Machine-M02,M02-S02
2024-01-01 00:02:02,11.78849953,1,3,Machine-M02,M02-S02
2024-01-01 00:02:03,11.30948132,1,3,Machine-M02,M02-S02
2024-01-01 00:02:04,11.42715602,1,3,Machine-M02,M02-S02
2024-01-01 00:02:05,11.61415845,1,3,Machine-M02,M02-S02
2024-01-01 00:02:06,11.43481361,1,3,Machine-M02,M02-S02
2024-01-01 00:02:07,11.99525028,1,3,Machine-M02,M02-S02
2024-01-01 00:02:08,11.7115869,1,3,Machine-M02,M02-S02
2024-01-01 00:02:09,11.75290632,1,3,Machine-M02,M02-S02
2024-01-01 00:02:10,12.14359939,1,3,Machine-M02,M02-S02
2024-01-01 00:02:11,12.0763763,1,3,Machine-M02,M02-S02
2024-01-01 00:02:12,11.73665301,1,3,Machine-M02,M02-S02
2024-01-01 00:02:13,11.71864637,1,3,Machine-M02,M02-S02
2024-01-01 00:02:14,11.70053249,1,3,Machine-M02,M02-S02
2024-01-01 00:02:15,12.1728994,1,3,Machine-M02,M02-S02
2024-01-01 00:02:16,12.08609221,1,3,Machine-M02,M02-S02
2024-01-01 00:02:17,11.92473352,1,3,Machine-M02,M02-S02
2024-01-01 00:02:18,12.4197636,1,3,Machine-M02,M02-S02
2024-01-01 00:02:19,11.87913494,1,3,Machine-M02,M02-S02
2024-01-01 00:02:20,12.32025514,1,3,Machine-M02,M02-S02
2024-01-01 00:02:21,11.83263072,1,3,Machine-M02,M02-S02
2024-01-01 00:02:22,12.31424075,1,3,Machine-M02,M02-S02
2024-01-01 00:02:23,12.2418235,1,3,Machine-M02,M02-S02
2024-01-01 00:02:24,12.4206727,1,3,Machine-M02,M02-S02
2024-01-01 00:02:25,12.30551646,1,3,Machine-M02,M02-S02
2024-01-01 00:02:26,12.57879796,1,3,Machine-M02,M02-S02
2024-01-01 00:02:27,12.58446611,1,3,Machine-M02,M02-S02
2024-01-01 00:02:28,12.53274351,1,3,Machine-M02,M02-S02
2024-01-01 00:02:29,12.46287938,1,3,Machine-M02,M02-S02
2024-01-01 00:02:30,12.59195049,1,3,Machine-M02,M02-S02
2024-01-01 00:02:31,12.39473524,1,3,Machine-M02,M02-S02
2024-01-01 00:02:32,12.99816733,1,3,Machine-M02,M02-S02
2024-01-01 00:02:33,13.14834719,1,3,Machine-M02,M02-S02
2024-01-01 00:02:34,13.07023916,1,3,Machine-M02,M02-S02
2024-01-01 00:02:35,12.80685329,1,3,Machine-M02,M02-S02
2024-01-01 00:02:36,12.99941505,1,3,Machine-M02,M02-S02
2024-01-01 00:02:37,12.79589456,1,3,Machine-M02,M02-S02
2024-01-01 00:02:38,12.78081326,1,3,Machine-M02,M02-S02
2024-01-01 00:02:39,13.07726882,1,3,Machine-M02,M02-S02
2024-01-01 00:02:40,13.17637854,1,3,Machine-M02,M02-S02
2024-01-01 00:02:41,13.09775517,1,3,Machine-M02,M02-S02
2024-01-01 00:02:42,13.25840961,1,3,Machine-M02,M02-S02
2024-01-01 00:02:43,13.2050378,1,3,Machine-M02,M02-S02
2024-01-01 00:02:44,13.3187118,1,3,Machine-M02,M02-S02
2024-01-01 00:02:45,16.99017926,0,0,Machine-M02,M02-S02
2024-01-01 00:00:00,7.871904451,1,1,Machine-M02,M02-S03
2024-01-01 00:00:01,7.861226094,1,1,Machine-M02,M02-S03
2024-01-01 00:00:02,7.907786762,1,1,Machine-M02,M02-S03
2024-01-01 00:00:03,7.962535759,1,1,Machine-M02,M02-S03
2024-01-01 00:00:04,7.921475169,1,1,Machine-M02,M02-S03
2024-01-01 00:00:05,7.886647863,1,1,Machine-M02,M02-S03
2024-01-01 00:00:06,7.908049426,1,1,Machine-M02,M02-S03
2024-01-01 00:00:07,7.970648455,1,1,Machine-M02,M02-S03
2024-01-01 00:00:08,7.852814889,1,1,Machine-M02,M02-S03
2024-01-01 00:00:09,7.93164481,1,1,Machine-M02,M02-S03
2024-01-01 00:00:10,7.920501796,1,1,Machine-M02,M02-S03
2024-01-01 00:00:11,7.900187569,1,1,Machine-M02,M02-S03
2024-01-01 00:00:12,7.981301809,1,1,Machine-M02,M02-S03
2024-01-01 00:00:13,7.947352863,1,1,Machine-M02,M02-S03
2024-01-01 00:00:14,8.027696495,1,1,Machine-M02,M02-S03
2024-01-01 00:00:15,8.069704141,1,1,Machine-M02,M02-S03
2024-01-01 00:00:16,8.006626369,1,1,Machine-M02,M02-S03
2024-01-01 00:00:17,7.903960301,1,1,Machine-M02,M02-S03
2024-01-01 00:00:18,7.959861745,1,1,Machine-M02,M02-S03
2024-01-01 00:00:19,7.946934224,1,1,Machine-M02,M02-S03
2024-01-01 00:00:20,7.842512385,1,1,Machine-M02,M02-S03
2024-01-01 00:00:21,8.009275071,1,1,Machine-M02,M02-S03
2024-01-01 00:00:22,8.122751917,1,1,Machine-M02,M02-S03
2024-01-01 00:00:23,8.048704989,1,1,Machine-M02,M02-S03
2024-01-01 00:00:24,7.99533393,1,1,Machine-M02,M02-S03
2024-01-01 00:00:25,8.056612084,1,1,Machine-M02,M02-S03
2024-01-01 00:00:26,8.04905458,1,1,Machine-M02,M02-S03
2024-01-01 00:00:27,8.08681752,1,1,Machine-M02,M02-S03
2024-01-01 00:00:28,8.015716921,1,1,Machine-M02,M02-S03
2024-01-01 00:00:29,7.928411635,1,1,Machine-M02,M02-S03
2024-01-01 00:00:30,7.995275435,1,1,Machine-M02,M02-S03
2024-01-01 00:00:31,7.972963745,1,1,Machine-M02,M02-S03
2024-01-01 00:00:32,8.029796284,1,1,Machine-M02,M02-S03
2024-01-01 00:00:33,8.030109048,1,1,Machine-M02,M02-S03
2024-01-01 00:00:34,8.047723843,1,1,Machine-M02,M02-S03
2024-01-01 00:00:35,8.042595187,1,1,Machine-M02,M02-S03
2024-01-01 00:00:36,8.269521449,1,1,Machine-M02,M02-S03
2024-01-01 00:00:37,8.028824675,1,1,Machine-M02,M02-S03
2024-01-01 00:00:38,8.173196934,1,1,Machine-M02,M02-S03
2024-01-01 00:00:39,8.060107676,1,1,Machine-M02,M02-S03
2024-01-01 00:00:40,7.89935506,1,1,Machine-M02,M02-S03
2024-01-01 00:00:41,8.096242428,1,1,Machine-M02,M02-S03
2024-01-01 00:00:42,8.319553585,1,1,Machine-M02,M02-S03
2024-01-01 00:00:43,8.0968256,1,1,Machine-M02,M02-S03
2024-01-01 00:00:44,8.205134358,1,1,Machine-M02,M02-S03
2024-01-01 00:00:45,8.210701723,1,1,Machine-M02,M02-S03
2024-01-01 00:00:46,8.258187339,1,1,Machine-M02,M02-S03
2024-01-01 00:00:47,8.141110126,1,1,Machine-M02,M02-S03
2024-01-01 00:00:48,8.162736627,1,1,Machine-M02,M02-S03
2024-01-01 00:00:49,8.314195262,1,1,Machine-M02,M02-S03
2024-01-01 00:00:50,8.151218633,1,1,Machine-M02,M02-S03
2024-01-01 00:00:51,8.012057488,1,1,Machine-M02,M02-S03
2024-01-01 00:00:52,8.040228374,1,1,Machine-M02,M02-S03
2024-01-01 00:00:53,8.195209976,1,1,Machine-M02,M02-S03
2024-01-01 00:00:54,8.220217846,1,1,Machine-M02,M02-S03
2024-01-01 00:00:55,8.36088178,1,2,Machine-M02,M02-S03
2024-01-01 00:00:56,8.234719744,1,2,Machine-M02,M02-S03
2024-01-01 00:00:57,8.321988773,1,2,Machine-M02,M02-S03
2024-01-01 00:00:58,8.098716459,1,2,Machine-M02,M02-S03
2024-01-01 00:00:59,8.565500532,1,2,Machine-M02,M02-S03
2024-01-01 00:01:00,8.348457989,1,2,Machine-M02,M02-S03
2024-01-01 00:01:01,8.212142423,1,2,Machine-M02,M02-S03
2024-01-01 00:01:02,8.326388348,1,2,Machine-M02,M02-S03
2024-01-01 00:01:03,8.392223145,1,2,Machine-M02,M02-S03
2024-01-01 00:01:04,8.445579003,1,2,Machine-M02,M02-S03
2024-01-01 00:01:05,8.282780214,1,2,Machine-M02,M02-S03
2024-01-01 00:01:06,8.295863325,1,2,Machine-M02,M02-S03
2024-01-01 00:01:07,8.602062788,1,2,Machine-M02,M02-S03
2024-01-01 00:01:08,8.234399113,1,2,Machine-M02,M02-S03
2024-01-01 00:01:09,8.483559345,1,2,Machine-M02,M02-S03
2024-01-01 00:01:10,8.395859733,1,2,Machine-M02,M02-S03
2024-01-01 00:01:11,8.364229608,1,2,Machine-M02,M02-S03
2024-01-01 00:01:12,8.432557561,1,2,Machine-M02,M02-S03
2024-01-01 00:01:13,8.307762899,1,2,Machine-M02,M02-S03
2024-01-01 00:01:14,8.434477104,1,2,Machine-M02,M02-S03
2024-01-01 00:01:15,8.632804361,1,2,Machine-M02,M02-S03
2024-01-01 00:01:16,8.462492663,1,2,Machine-M02,M02-S03
2024-01-01 00:01:17,8.543461177,1,2,Machine-M02,M02-S03
2024-01-01 00:01:18,8.539975916,1,2,Machine-M02,M02-S03
2024-01-01 00:01:19,8.350314685,1,2,Machine-M02,M02-S03
2024-01-01 00:01:20,8.322068124,1,2,Machine-M02,M02-S03
2024-01-01 00:01:21,8.589822542,1,2,Machine-M02,M02-S03
2024-01-01 00:01:22,8.677144364,1,2,Machine-M02,M02-S03
2024-01-01 00:01:23,8.381887519,1,2,Machine-M02,M02-S03
2024-01-01 00:01:24,8.433696395,1,2,Machine-M02,M02-S03
2024-01-01 00:01:25,8.806510941,1,2,Machine-M02,M02-S03
2024-01-01 00:01:26,8.705426506,1,2,Machine-M02,M02-S03
2024-01-01 00:01:27,8.694805927,1,2,Machine-M02,M02-S03
2024-01-01 00:01:28,8.646794026,1,2,Machine-M02,M02-S03
2024-01-01 00:01:29,8.608208695,1,2,Machine-M02,M02-S03
2024-01-01 00:01:30,8.70812432,1,2,Machine-M02,M02-S03
2024-01-01 00:01:31,8.529114539,1,2,Machine-M02,M02-S03
2024-01-01 00:01:32,8.771676541,1,2,Machine-M02,M02-S03
2024-01-01 00:01:33,8.874238752,1,2,Machine-M02,M02-S03
2024-01-01 00:01:34,8.863005366,1,2,Machine-M02,M02-S03
2024-01-01 00:01:35,8.998764989,1,2,Machine-M02,M02-S03
2024-01-01 00:01:36,8.820375597,1,2,Machine-M02,M02-S03
2024-01-01 00:01:37,8.836592796,1,2,Machine-M02,M02-S03
2024-01-01 00:01:38,8.655508711,1,2,Machine-M02,M02-S03
2024-01-01 00:01:39,8.683597854,1,2,Machine-M02,M02-S03
2024-01-01 00:01:40,8.673428714,1,2,Machine-M02,M02-S03
2024-01-01 00:01:41,9.130478164,1,2,Machine-M02,M02-S03
2024-01-01 00:01:42,8.763496673,1,2,Machine-M02,M02-S03
2024-01-01 00:01:43,8.968682944,1,2,Machine-M02,M02-S03
2024-01-01 00:01:44,8.983880054,1,2,Machine-M02,M02-S03
2024-01-01 00:01:45,8.658849869,1,2,Machine-M02,M02-S03
2024-01-01 00:01:46,8.8778242,1,2,Machine-M02,M02-S03
2024-01-01 00:01:47,9.063192896,1,2,Machine-M02,M02-S03
2024-01-01 00:01:48,8.903248163,1,2,Machine-M02,M02-S03
2024-01-01 00:01:49,8.925994396,1,2,Machine-M02,M02-S03
2024-01-01 00:01:50,9.09452167,1,3,Machine-M02,M02-S03
2024-01-01 00:01:51,8.993322589,1,3,Machine-M02,M02-S03
2024-01-01 00:01:52,8.964802188,1,3,Machine-M02,M02-S03
2024-01-01 00:01:53,8.984367056,1,3,Machine-M02,M02-S03
2024-01-01 00:01:54,9.284037375,1,3,Machine-M02,M02-S03
2024-01-01 00:01:55,9.229455603,1,3,Machine-M02,M02-S03
2024-01-01 00:01:56,9.132596603,1,3,Machine-M02,M02-S03
2024-01-01 00:01:57,9.153293057,1,3,Machine-M02,M02-S03
2024-01-01 00:01:58,9.052455246,1,3,Machine-M02,M02-S03
2024-01-01 00:01:59,9.064317406,1,3,Machine-M02,M02-S03
2024-01-01 00:02:00,8.936949108,1,3,Machine-M02,M02-S03
2024-01-01 00:02:01,9.452051315,1,3,Machine-M02,M02-S03
2024-01-01 00:02:02,9.396221933,1,3,Machine-M02,M02-S03
2024-01-01 00:02:03,9.529277904,1,3,Machine-M02,M02-S03
2024-01-01 00:02:04,9.324005857,1,3,Machine-M02,M02-S03
2024-01-01 00:02:05,9.397135989,1,3,Machine-M02,M02-S03
2024-01-01 00:02:06,9.377695119,1,3,Machine-M02,M02-S03
2024-01-01 00:02:07,9.360787676,1,3,Machine-M02,M02-S03
2024-01-01 00:02:08,9.444198408,1,3,Machine-M02,M02-S03
2024-01-01 00:02:09,9.482172634,1,3,Machine-M02,M02-S03
2024-01-01 00:02:10,9.495547137,1,3,Machine-M02,M02-S03
2024-01-01 00:02:11,9.603523154,1,3,Machine-M02,M02-S03
2024-01-01 00:02:12,9.478869067,1,3,Machine-M02,M02-S03
2024-01-01 00:02:13,9.564857713,1,3,Machine-M02,M02-S03
2024-01-01 00:02:14,9.256493895,1,3,Machine-M02,M02-S03
2024-01-01 00:02:15,9.529040236,1,3,Machine-M02,M02-S03
2024-01-01 00:02:16,9.471049464,1,3,Machine-M02,M02-S03
2024-01-01 00:02:17,9.800860508,1,3,Machine-M02,M02-S03
2024-01-01 00:02:18,9.675306825,1,3,Machine-M02,M02-S03
2024-01-01 00:02:19,9.548854607,1,3,Machine-M02,M02-S03
2024-01-01 00:02:20,9.344913779,1,3,Machine-M02,M02-S03
2024-01-01 00:02:21,9.748426007,1,3,Machine-M02,M02-S03
2024-01-01 00:02:22,9.816789745,1,3,Machine-M02,M02-S03
2024-01-01 00:02:23,9.787969085,1,3,Machine-M02,M02-S03
2024-01-01 00:02:24,9.703315576,1,3,Machine-M02,M02-S03
2024-01-01 00:02:25,9.88832393,1,3,Machine-M02,M02-S03
2024-01-01 00:02:26,9.726892552,1,3,Machine-M02,M02-S03
2024-01-01 00:02:27,9.887914008,1,3,Machine-M02,M02-S03
2024-01-01 00:02:28,9.783840757,1,3,Machine-M02,M02-S03
2024-01-01 00:02:29,9.897586243,1,3,Machine-M02,M02-S03
2024-01-01 00:02:30,9.749169525,1,3,Machine-M02,M02-S03
2024-01-01 00:02:31,10.28900905,1,3,Machine-M02,M02-S03
2024-01-01 00:02:32,10.04016937,1,3,Machine-M02,M02-S03
2024-01-01 00:02:33,9.865857918,1,3,Machine-M02,M02-S03
2024-01-01 00:02:34,9.896489887,1,3,Machine-M02,M02-S03
2024-01-01 00:02:35,10.20028396,1,3,Machine-M02,M02-S03
2024-01-01 00:02:36,10.070827,1,3,Machine-M02,M02-S03
2024-01-01 00:02:37,10.26577037,1,3,Machine-M02,M02-S03
2024-01-01 00:02:38,10.1924771,1,3,Machine-M02,M02-S03
2024-01-01 00:02:39,10.38329998,1,3,Machine-M02,M02-S03
2024-01-01 00:02:40,10.21172044,1,3,Machine-M02,M02-S03
2024-01-01 00:02:41,10.28239204,1,3,Machine-M02,M02-S03
2024-01-01 00:02:42,10.16874192,1,3,Machine-M02,M02-S03
2024-01-01 00:02:43,10.16990467,1,3,Machine-M02,M02-S03
2024-01-01 00:02:44,10.0661324,1,3,Machine-M02,M02-S03
2024-01-01 00:02:45,13.58399854,0,0,Machine-M02,M02-S03
